AA01,SPRAY PARA LIMPIEZA DE COMPUTADORAS,652.01,192
AA02,DISKETTE,84.75,181
AA03,PARALELO PARA IMPRESOR 6 PIES,396.63,349
AA04,EXTENSION PARA COMPUTADORA ,212.44,43
AA05,EXTENCIONES ELECTRICAS ,476.86,128
AA06,CABLE PARA IMPRESORA ,153.68,184
AA07,CABLE SERIAL RS-232  9-25 PINES PARA MODEMS,449.74,141
AA08,CABLE PARALELO PARA IMPRESORA ,203.4,268
AA09,CARTUCHOS PARA ALMACENAR DATOS ,635.06,431
AA10,MINICARTUCHO DE DATO FORMATEADO DC 2120 XIMAT,339,247
AA11,MINICARTUCHO DE DATO FORMATEADO DC 2120 RHOMAT,453.13,12
AA12,MINICARTUCHO DE DATO FORMATEADO DC 2060 THETAMAT,145.77,359
AA13,MINICARTUCHO DE DATO FORMATEADO DC 2000,465.56,104
AA14,MINICARTUCHO DE DATO FORMATEADO DC 2000 KAPPAMAT,485.9,53
AA15,MINICARTUCHO DE DATO VERBATIM DITTOMAX 3.5/7.0 GB,2.26,230
AA16,CARTUCHO DE DATO NO FORMATEADO,280.24,233
AA17,CARTUCHO DE DATO NO FORMATEADO DC 6525-MB-525,36.16,118
AA18,CARTUCHO DE DATO NO FORMATEADO DC 6250-MB-250,66.67,120
AA19,CARTUCHO DE DATO NO FORMATEADO DC 6150-MB 150,523.19,51
AA20,CARTUCHO DE DATO NO FORMATEADO DC600A-MB-150,187.58,215
AA21,CARTUCHO DE DATO NO FORMATEADO DC 2120-MB-120,650.88,174
AA22,CARTUCHO DE DATO NO FORMATEADO DC 2080-MB-80,597.77,157
AA23,CARTUCHO DE DATO NO FORMATEADO DC 2000-MB-40,116.39,437
AA24,CARTUCHO DE 800MB MODELO TR1 FORMATEADO ,206.79,122
AA25,CARTUCHO DE 3.2 GM MODELO TR3 FORMATEADO,637.32,7
AA26,CARTUCHO S DE TINTA DESKJET670-C,22.6,193
AA27,CARTUCHOS DE 400 MOD TR1 FORMATEADO,3.39,170
AA28,CARTUCHO PARA BACKUP DE 800MB,525.45,404
AA29,CARTUCHO DE DATO MAGNUS GIGABYTE PLUS ,565,175
AA30,CARTUCHO DE DATO MAGNUS GIGABYTE PLUS 5.0 GB-5.0,579.69,316
AA31,CARTUCHO DE DATO MAGNUS GIGABYTE PLUS 2.5 GB-2.50,327.7,314
AA32,CARTUCHO DE DATO MAGNUS GIGABYTE PLUS 2.0 GB-2.0,562.74,365
AA33,CARTUCHO DE DATO MAGNUS GIGABYTE PLUS 1.35 GB-1.35,9.04,17
AA34,CARTUCHO DE DATO MAGNUS GIGABYTE PLUS 1.2 GB-1.2,70.06,184
AA35,CARTUCHO DE DATO MAGNUS GIGABYTE PLUS 1.0 GB-1.0,119.78,406
AA36,CARTUCHO PACKARD DESK 800 S. HP 51641AC,483.64,143
AA37,CARTUCHO TAPE BACKUP,222.61,365
AA38,CARTUCHO PARA BACKUP DE 1GB,568.39,67
AA39,CARTUCHO PARA BACKUP DE 800MB,31.64,408
AA40,CARTUCHO PARA BACKUP TR-1 TRAVAN 400 MG/800 MG,202.27,317
AA41,PUNTEROS ,253.12,312
AA42,PUNTEROS LASER,483.64,417
AA43,ALIMENTACION DE CORRIENTE PARA FUENTE ,346.91,197
AA44,SERIAL MACHO 25 PINES 10 PIES ,63.28,414
AA45,SERIAL MACHO 25 PINES 6 PIES,315.27,467
AA46,CABLE UTP CATEGORIA 5 MTS. PARA CONECTAR A RECEPTACULO RJ45,348.04,424
AA47,CABLE PARA IMPRESOR MARCA HP LASER 8000  MODELO C4085A,341.26,167
AA48,CABLE PARA SCANNER ,349.17,106
AA49,TOMAS,412.45,64
AA50,TOMAS PARA COMPUTADORAS,210.18,216
AA51,BATERIAS PARA COMPUTADORAS U.P.S.,534.49,318
AA52,CONECTOR COAXIAL BNC PARA RG58 ENROSCABLE,407.93,236
AA53,RESISTENCIA DE 50 OHMIOS,153.68,371
AA54,CABLE COAXIAL PARA RG58,649.75,276
AA55,UNION BNC PARA DARLE CONTINUIDAD AL RG58,613.59,355
AA56,TARJETA DE RED NE2000 16 BITS.,136.73,375
AA57,TARJETA DE RED NE2000 32BITS.,16.95,466
AA58,T PARA TARJETA DE RED,614.72,46
AA59,CABLE CATEGORIA 5 PARA INSTALAR TARJETA DE RED UTP,6.78,299
AA60,TARJETA DE RED TIPO COMBO CON RANURA EISA DE 32 BITS,580.82,162
AA61,TARJETA RED TIPO COMBO CON RANURA  PCI DE 32 BITS,539.01,359
AA62,TARJETA PARA IMPRESOR,332.22,133
AA63,ROUTER ,488.16,47
AA64,TARGETA DE RED PCI DE 32 BITS DE 10/321 MBPS,545.79,373
AA65,MINI DIN 8 CABLES ,401.15,315
AA66,TARJETA DE VIDEO AV PARA COMPUTADORA 6321,606.81,451
AA67,TARJETA DE RED 3COM DE 10/321 MBPS,375.16,37
AA68,SEGUIDOR DE SEÑAL,621.5,201
AA69,KIT PARA INSTALACION DE CABLEADO UTP,519.8,38
AA70,TARJETA DE RED 3 COM 10/321 MBPS CON CONECTOR PARA LAPTOP,405.67,442
AA71,TARJETA DE FAX MODEM INTERNO DE 56KBPS,169.5,38
AA72,TARJETA DE EDICION DE VIDEO ,118.65,348
AA73,TARJETA DE RED 10/321 AUTOSENSING C/ENCENDIDO REMOTO  PCI DE 32 BITS,233.91,379
AA74,TARJETA DE RED PCD FAST ETHERNET DE 321 MBPS,515.28,232
AA75,TARJETA DE RED 3COM PCI DE 32 BITS DE 10/321MBPS AUTOSENSING CON ENCENDIDO ,179.67,282
AA76,TARJETA DE RED,548.05,367
AA77,TARJETA DE SONIDO,207.92,177
AA78,MICROFONO PARA MULTIMEDIA ,518.67,446
AA79,CD EN BLANCO PARA REPRODUCIR,241.82,470
AA80,SISTEMA DE AUDIFONO Y MICROFONO MULTIMEDIA ,618.11,238
AA81,MEGAFONO ,74.58,182
AA82,CD ESCRIBIBLE DE 650 MB DE 74 MINUTOS ,122.04,308
AA83,CD ESCRIBIBLE,370.64,472
AA84,CD EN BLANCO PARA REPRODUCIR,226,73
AA85,DATA  SWICTH,116.39,104
AA86,DATA  SWICTH BOX,328.83,348
AA87,SWITCH,360.47,445
AA88,RACK,132.21,90
AA89,PATH PANEL ,288.15,391
AA90,DISCOS DUROS ,364.99,265
AA91,FAX MODEM,57.63,249
AA92,FLOPPY DISK DRIVE,172.89,271
AA93,FUENTE DE PODER,42.94,395
AA94,GABINETES/CASES,544.66,294
AA95,MEMORIA DE COMPUTADORAS ,64.41,165
AA96,MICROPROCESADORES ,442.96,231
AA97,MOTERS BOARDS,497.2,265
AA98,MOUSE,437.31,199
AA99,MOUSE TIPO SERIAL,410.19,429
BB01,MOUES TIPO PS/2,362.73,301
BB02,PROTECTORES DE PANTALLA ANTIREFLEJANTE,187.58,161
BB03,PAD PARA MOUSE ,578.56,465
BB04,MOUSE SERIAL CON PAD,479.12,170
BB05,MOUSE PS/2 CON PAD,420.36,61
BB06,TARJETAS CONTROLADORAS ,438.44,218
BB07,TECLADO,3.39,449
BB08,UNIDAD DE TAPE BACKUP DE 2GB ADMINISTRABLE CON SOFTWARE EN WIN/95,313.01,425
BB09,BACKKUP,644.1,392
BB10,BACKUP SOLUTION ,520.93,416
BB11,MEMORIAS Y BANDEJAS PARA LASER JET 4,553.7,415
BB12,REGULADORES DE VOLTAJE,606.81,151
BB13,REGULADOR DE VOLTAJE DE 3210,594.38,119
BB14,UNIDAD DE CD ROM EXTERNO DE 40 X,20.34,244
BB15,CD WRITER EXTERNO,323.18,143
BB16,KIT PARA INTERNET ,164.98,190
BB17,IBM 340MB MICRODRIVE KIT CON ADAPTADOR PCMCIA,135.6,346
BB18,KIT DE HERRAMIENTAS PARA EQUIPO DE COMPUTO,649.75,11
BB19,KIT DE WEBCAMS CON INTEGRACION DE SONIDO CON SURESPECTIVO MICROFONOQUE SO,524.32,155
BB20,CD WRITER EXTERNO,265.55,434
BB21,UNIDADES DE CD ROM 56X INTERNA,283.63,400
BB22,DISCOS LASER CD-ROM,235.04,417
BB23,CD-ROM R/W 4X/2X,322.05,204
BB24,CD RE-WRITABLE 650MB (74MIN)/DISCO LASER R/W,455.39,192
BB25,CD´S ESCRIBIBLES  (CD-R) 650 MB/74 MINUTOS DE DURACION ,276.85,333
BB26,CD´S READER (CD-R) DE 700 MB,212.44,18
BB27,DISCOS COMPACTOS REGRABABLES ,517.54,354
BB28,FACSIMIL LASER COMPACTO,64.41,85
BB29,CD-RW RE-ESCRIBIBLES,54.24,281
BB30,WINDOWS 98 SPANISH VUP AE CD CPP (FPP),300.58,74
BB31,PROGRAMA COREL DRAW  VERSION 9,472.34,34
BB32,SUITE COREL 2000 OEM EN ESPAÑOL CD,414.71,103
BB33,ACTUALIZACION DE SISTEMAS OPERATIVOS,487.03,233
BB34,SIMM DE 32 MB PARA DELL OPTIPLEX GL 5321,395.5,19
BB35,SIMM DE MEMORIA DE PC PARA ACER 5200 DE 32MB,239.56,270
BB36,DIMM DE 32 MB PARA COMPUTADORA IVM 200 MMX PC IBM 300-GL  168 PINES ,251.99,291
BB37,RAMM DIMMS 16 MB PARA MACINTOSH 7600/132,179.67,234
BB38,ZIP DRIVER,240.69,240
BB39,PROTECTORES ,563.87,236
BB40,PANTALLA PARA COMPUTADORA AF 200L,168.37,147
BB41,PAPEL FOTOGRAFICO PARA IMPRESORA ,107.35,176
BB42,PAPEL FOTOGRAFICO TAMAÑO CARTA ,463.3,172
BB43,SWITCH PARA COMPUTADORA DE 10/321 FR DE 24 FUENTE ,119.78,295
BB44,SWITCH DE COMUNICACIONES DE 24 PUERTOS 10/321,46.33,293
BB45,SWITCH KVM PARA 2 COMPUTADORAS ,481.38,414
BB46,SWITCH KVM PARA 8 COMPUTADORAS ,440.7,436
BB47,SWITCH KVM PARA 24 COMPUTADORAS ,210.18,3
BB48,TARJETA DIGITALIZADA ,614.72,280
BB49,AUTOCAD 2000(SOFTWARE),436.18,444
BB50,ARREGLOS DE DISCOS DUROS ,79.1,155
BB51,PORTA CD,226,234
BB52,GABINETE PARA RACK,65.54,365
BB53,GABINETE PARA RACK CON VENTILADOR Y LLAVE DE SEGURIDAD,311.88,93
BB54,DISQUETERA PARA CPU,545.79,436
BB55,DISQUETERAS DE 3.5 1.44MB,518.67,78
BB56,DISQUETERA DE 3.50 MCA. NEC,586.47,424
BB57,DISQUETERA ACRILICA CON LLAVE,102.83,452
BB58,3COM 10/321 CRDBUS LATITUDE,380.81,430
BB59,56K  PCMCIA  V.90 CBL MODEM,649.75,29
BB60,MODEM EXTERNO,155.94,253
BB61,UPS OMNIPRO 700 VA MARCA TRIPP-LITE  - 15 FULL DE ESPERA ,25.99,24
BB62,REGLETAS SUPRESORAS PICOS 6 TOMAS ,467.82,61
BB63,ADAPTADORES TRIFILAR (CONECTOR DE TRIFILAR A BIFILAR),569.52,354
BB64,ITEMAN (SISTEMA PARA WINDOWS DE 32BITS),511.89,254
BB65,VERSION DEL PROGRAMA PROTOCOLAB (PARA NOTARIO ) DE WINDOWS,209.05,77
BB66,ALBUMES PARA CDS,153.68,145
BB67,SIMM´S,108.48,66
BB68,RINGMASTER (TELECONTROL POR SOFTWARE),386.46,309
BB69,CONECTORES DE LINEA UTP RJ45-10,393.24,382
BB70,CONECTOR PS/2 PARA TECLADO ,18.08,300
BB71,PROTECTORES AC/FAXMODEM EMI-RF,552.57,453
BB72,TAPE BACK UP 08 DDS 90 DE 4MM,498.33,79
BB73,TAPE BACK UP HP C5708A DD5-3 DATA CARTRIDGE 24 GB,480.25,470
BB74,SCANER (6390C  PAGINA COMPLETA  RESOLUCION 1200 DPI  COLOR DE PROCESAMIE),18.08,269
BB75,FULL PACK DE MATHEMATICS,542.4,369
BB76,CINCHOS CONECTORES PARA DISCO DURO DE 3 ENTRADAS,306.23,404
BB77,PROTECTOR DE PANTALLA ANTIREFLEJANTE ,457.65,225
BB78,CINCHOS CONECTORES DE TRES ENTRADAS PARA DISQUETERAS,97.18,369
BB79,CINTAS BACK UP,266.68,205
BB80,TARGETAS DE VIDEO (AGP DE 32MB),238.43,190
BB81,INSTALACION DE PUNTOS DE RED,175.15,45
BB82,INSTALACION DE EQUIPO ,490.42,437
BB83,UNIDAD EXTERNA PARA GRABAR CD,302.84,75
BB84,CONECTOR MACHO RJ-45,485.9,136
BB85,INSTALACION DE SISTEMA PRODUCER AUTOSTAR SYSTEM DE 2 DRIVES PARA REPRODUCTO,381.94,393
BB86,CAJA HEMBRA RJ-45,166.11,151
BB87,CAJA SUPERFICIAL PARA CAJA HEMBRA RJ-45,418.1,81
BB88,CINCHOS PLASTICOS DE AMARRE PARA DIAMETRO DE 10 CENTIMETROS,483.64,365
BB89,ROLLO DE CABLE UTP CAT 5E ,545.79,101
BB90,CABLE UTP CAT 5E,412.45,107
BB91,JACK RJ-45 HEMBRA CATEGORIA 5E,637.32,139
BB92,PATH CORD DE 7 PIES CATEGORIA 5E,570.65,122
BB93,PLACAS SUPERFICIALES DE UN PUERTO ,224.87,166
BB94,CERTIFICACION DE PUNTOS DE RED,551.44,13
BB95,SWITCH 10/321 MBPS FAS ETHERNET 16 PUERTOS RJ-45,427.14,374
BB96,REPRODUCTOR DE CD´ROM,432.79,241
BB97,CASE,50.85,156
BB98,CD-ROM 56X,533.36,437
BB99,SCANER TIPO TABLOIDE,163.85,70
CC01,TABLETA WACON 12X12 PARA MACINTOSH,441.83,58
CC02,CAJA DE TRANSPARENCIA HP COLOR INK JET PRINTER,550.31,257
CC03,CAJA DE TRANSPARENCIAS FILM PARA FOTOCOPIADORA,61.02,44
CC04,CD-ROM/RW,284.76,135
CC05,DIMM DE MEMORIA DE 64MB,375.16,247
CC06,MANTENIMIENTO PARA SCANER ,77.97,310
CC07,KIT MULTIMEDIA,172.89,24
CC08,CAJA SUPERFICIAL DE PROFUNDIDAD,27.12,172
CC09,TARJETAS CON BANDAS MAGNETICAS O PLAQUETAS (CHIP),533.36,55
CC10,KIT DE HERRAMIENTAS PARA EQUIPO ELECTRONICO,268.94,391
CC11,TARJETA DE RED QUAD ETHERNET SMC 10/321,292.67,374
CC12, CINTAS TAPE BACK UP DDS4- 20/24 DDS-150 4 MIM,117.52,243
CC13,CINTAS TAPE BACK UP DDS3 -12/24 DDS-125 4 MM,442.96,433
CC14,DIMM DE MEMORIA 512 MB PC 321,127.69,331
CC15,LAMPARA PARA PROYECTOR DE CAÑON INFOCUS LP530,418.1,315
CC16,KIT DE CODIGOS DE BARA DE TAPE DLT,273.46,89
CC17,KIT DE MANTENIMIENTO PARA IMPRESORA HP 8321/8150,508.5,244
CC18,KIT DE MANTENIMIENTO PARA IMPRESORA HP 5SI,581.95,464
CC19,KIT DE VIDEO PORTERO ELECTRONICO,36.16,167
CC20,CDRW 52/DVD ROM EXTERNOS ,336.74,130
CC21,SLIM PORT REPLICATOR,472.34,85
CC22,DVD ,446.35,272
CC23,MEMORIA DDR,318.66,266
CC24,TARJETA DE RED ETHERNET 10/321 CON SOPORTE PARA WINDOWS ,387.59,205
CC25,MEMORIA USB DE 1 GB,16.95,435
CC26,MEMORIA USB FLASH DRIVE 256MB,215.83,277
CC27,LAMPARA PARA CAÑON 3M MP 8635B,159.33,99
CC28,CAPACITOR PARA LAMPARA DE MERCURIO,447.48,197
CC29,MEMORIA EXTRAIBLE,264.42,430
CC30,DISCO EXTRAIBLE USB 128 MB,38.42,57
CC31,MOUSE TIPO PS2,609.07,264
CC32,QUEMADOR EXTERNO PARA DVD 16x,50.85,9
CC33,ACCES POINT,587.6,312
CC34,BATERIA PARA EQUIPO INFORMATICO,15.82,306
CC35,ACEITE FUSOR PARA IMPRESOR,334.48,141
CC36,MEMORIA PARA CAMARA DIGITAL HP PHOTOSMART R707 DE 512 MB,308.49,80
CC37,UNIDAD DVD +RW INTERNA,91.53,137
CC38,MOUSE USB,506.24,163
CC39,DISCO DURO USB 250 GB,334.48,249
CC40,DVD +RW DE 4.7 GB,623.76,190
CC41,MOUSE INALAMBRICO OPTICO,119.78,74
CC42,KIT DE MANTENIMIENTO FUSOR Q3964A,624.89,143
CC43,TARJETA ETHERNET DE CUATRO PUERTOS P/SERVIDOR DE CONTINGENCIA FIREWALL,85.88,430
CC44,MEMORIA USB FLASH DRIVE 2 GB,561.61,27
CC45,KIT DE LIMPIEZA DE TARJETA CORTA ,98.31,472
CC46,KIT DE LIMPIEZA DE TARJETA LARGA,501.72,266
CC47,CINTA PARA IMPRESOR PANASONIC KXP-155,179.67,114
CC48,CINTA PARA IMPRESOR HP NO. 92156S,604.55,237
CC49,CINTA PARA IMPRESORA EPSON MATRICIAL LQ 2080,429.4,250
CC50,CINTA PARA IMPRESORA EPSON #8766,213.57,279
CC51,CINTA PARA IMPRESORA LEXMARK 13L0034,285.89,364
CC52,CINTAS BACKUP TIPO DDS3 DE 4MM CON CAPACIDAD DE 12/24 GB,246.34,332
CC53,CINTAS BACKUP TIPO DDS2 2/4 ,4.52,71
CC54,DLTTAPE IV,602.29,151
CC55,CINTA PARA IMPRESOR MATRICIAL HP 92162A,632.8,57
CC56,CINTA OKIDATA CROLINE  93,20.34,27
CC57,CINTA OKIDATA 393,162.72,426
CC58,CINTA PARA IMPRESOR PANASONIC KX-P 3696 (KX-P170),137.86,154
CC59,CINTA PARA IMPRESOR PANASONIC KX-P115I (1695),465.56,221
CC60,CINTA OMRON-II UNIWELL ,424.88,377
CC61,CINTA EPSON ERC-18,174.02,208
CC62,CINTA EPSON ERC-03 (UNIWEL),420.36,6
CC63,CINTA MAQUINA IMPRESORA  C. ITOH-8500/NECPL8023A RD-911592,474.6,383
CC64,CINTA PARA IMPRESORA -ERC-03 MODELO RC-911426,107.35,40
CC65,CINTA PARA IMPRESORA EPSON-SERI FX80/MX80 MOD. RC-911584,435.05,309
CC66,CINTA PARA IMPRESORA EPSON SERIE FX321/MX321 MOD. RC-911587,154.81,45
CC67,CINTA PARA IMPRESORA EPSON -LQ3210MODELO RC-911614,413.58,117
CC68,CINTA PARA IMPRESORA FUTJISU-DPMG9/DX2321 MOD. RC-911628,525.45,444
CC69,CINTA PARA IMPRESORA IBM-4208 PROPRINTER XL MOD. RC-911612,5.65,205
CC70,CINTA PARA IMPRESORA OKIDATA -MICROLINE  ML182/192 M. RC-911605,92.66,364
CC71,CINTA PARA IMPRESOR OKIDATA -MICROLINE  ML393 M. RC-911620,493.81,154
CC72,CINTA PARA IMPRESOR OKIDATA PACEMAK 3410,124.3,277
CC73,CINTA PARA IMPRESOR HP 2235A,62.15,28
CC74,CINTA EPSON LQ-170,577.43,104
CC75,CINTA EPSON LQ-570,30.51,302
CC76,CINTA PARA IMPRESOR EPSON S-015086/FX-2170/LQ2170,158.2,20
CC77,CINTA EPSON LQ-2070/2170,424.88,367
CC78,CINTA PARA IMPRESOR HEWLETT PACKART HP-92156S,207.92,413
CC79,CINTA IMPRESORA H´ 2300/840L MATRICIAL,107.35,255
CC80,CINTA IMPRESORA RUGGED WRITE 921565 4P MATRICIAL ,198.88,137
CC81,CINTA EPSON #8763 RIBBON,419.23,212
CC82,CINTA EPSON ENK/CARTRIDGE  S 022255,392.11,139
CC83,CINTA PARA IMPRESOR EPSON LQ/1170,444.09,467
CC84,CINTA 92162A,422.62,281
CC85,CINTA PARA IMPRESOR STAR NX-2415 II MULTIFONT,339,288
CC86,CINTA PARA IMPRESOR APPLER IMAGEN ,421.49,45
CC87,CINTA IMPRESORA LEXMARK FORMS,441.83,305
CC88,CINTA IMPRESORA LEXMARK PRINTER,500.59,234
CC89,CINTA IMPRESORA LEXMARK,557.09,196
CC90,CINTA PARA IMPRESOR MATRICIAL MARCA IBM 104075,253.12,47
CC91,CINTA PARA IMPRESOR IMAGE PLUS 04732,271.2,131
CC92,CINTA PARA IMPRESOR PANASONIC KXP 115,76.84,402
CC93,CINTA PARA IMPRESOR IBM 140,18.08,50
CC94,CINTA PARA IMPRESOR 1040930 MARCA IBM,90.4,35
CC95,CINTA PARA IMPRESOR IBM PPSII2381,181.93,440
CC96,CINTA PARA  IMPRESOR EPSON LX 810,452,357
CC97,CINTA PARA IMPRESOR MATRICIAL  M/STAR MICRONICS N1500,242.95,77
CC98,CINTA PARA IMPRESOR MATRICIAL M/I.B.M.  104075,594.38,78
CC99,CINTA PARA IMPRESOR P/I.B.M.196 C. NO.1299508 ,322.05,321
DD01,CINTAS DE RESPALDO DE DATOS HP DDS-3  125MTS DE 12GB/24GB,247.47,280
DD02,CINTAS PARA LIMPIEZA COMPATIBLE  PARA DDS3 Y DDS4,32.77,439
DD03,CINTAS PARA LIMPIEZA DE TAPE BACKUP HP DDS-3,161.59,473
DD04,CINTA IMPRESORA HEWLETT PACKARD  DESK JET670 C,369.51,77
DD05,CINTA PARA IMPRESOR EPSON DFX-8500,93.79,464
DD06,CINTA PARA IMPRESOR EPSON  NO. 8758 LX-300,84.75,97
DD07,CINTA PARA IMPRESORA  EPSON LX-300,397.76,377
DD08,CINTA PARA IMPRESORA EPSON 754,249.73,5
DD09,CINTAS IMPRESORAS PANASONIC KX-E2020,507.37,462
DD10,CINTAS CORRECTORAS PANASONIC KX2020,604.55,310
DD11,CINTAS SWINTEC 7040 PARA MAQUINA STANDAR 330,355.95,257
DD12,CINTAS CORRECTORAS 8MMM 5/160,51.98,120
DD13,CINTA IMPRESORA S-015083 G  S-15086A MOD. S 15083 EPSON LQ 2170 10,369.51,43
DD14,CINTA PARA IMPRESOR EPSON FX-80,93.79,393
DD15,CINTA EPSON LQ-321/1070,493.81,108
DD16,CINTA PARA IMPRESOR EPSON FX-286-E,136.73,321
DD17,CINTA IMPRESORA EPSON LQ-2500,430.53,202
DD18,CINTA MPRESORA PARA MAQUINA DE ESCRIBIR KORES ,261.03,150
DD19,CINTA IMPRESOR LEXMARK 4227,576.3,147
DD20,CINTA IBM 6747,275.72,433
DD21,CINTA PARA MAQUINA NAKAJIMA MOD  AE740,162.72,344
DD22,CINTA CORRECTORA PARA MAQUINA DE ESCRIBIR IBM 6785,174.02,191
DD23,CINTA EPSON LQ-1170,545.79,85
DD24,CINTA PARA IMPRESOR PANASONIC KX-P 3696,238.43,266
DD25,CINTA PARA IMPRESOR MATRICIAL EPSON DFX-8500 CODIGO EPSON CARTRIDGE TYPE No. 8766,190.97,239
DD26,CINTA PARA IMPRESOR EPSON No. 8758LX300,633.93,117
DD27,CINTA PARA IMPRESORA EPSON FX-2180,419.23,226
DD28,CINTAS PARA IMPRIMIR CARNET,641.84,117
DD29,TINTA,222.61,192
DD30,TINTA MAGENTA,358.21,302
DD31,TINTA AMARILLA,308.49,436
DD32,TINTA NEGRA,467.82,470
DD33,TINTA AZUL,388.72,261
DD34,TINTA FAX CANON,467.82,429
DD35,TINTA IMPRESOR HP COD. C6641-A,183.06,68
DD36,TINTA IMPRESOR HP COD. C6615-DL,480.25,246
DD37,TINTA IMPRESOR HP COD. 51626-A,551.44,47
DD38,TINTA IMPRESOR HP COD. 51641-A COLOR,579.69,442
DD39,TINTA IMPRESOR HP COD. 51645-A COLOR NEGRO,75.71,248
DD40,TINTA IMPRESOR HP COD. 51629-A,403.41,29
DD41,TINTA IMPRESOR HP COD. 51649-A COLOR NEGRO,528.84,273
DD42,TINTA DESKJET IMPRESOR HP MOD. 840C COD. HP C6615D NEGRO,430.53,25
DD43,TINTA IMPRESOR HP LASERJET MOD. 1200 COD. HP-C7115A,453.13,147
DD44,TINTA IMPRESORA BX-3 CANON,242.95,313
DD45,TINTA IMPRESORA CANON BJ 3210 C,522.06,416
DD46,TINTA IMPRESORA EPSON STYLUS  400 5020089 ,292.67,252
DD47,TINTA IMPRESOR HP COD. 51625-A NEGRA,378.55,154
DD48,TINTA IMPRESOR LEXMARK A COLOR Nº 17G0060,298.32,138
DD49,TINTA IMPRESOR CANON MOD. BCI-3EBK NEGRO,551.44,399
DD50,TINTA IMPRESOR CANON MOD. BCI-3EM,300.58,299
DD51,TINTA IMPRESOR CANON MOD. BCI-3EY,572.91,92
DD52,TINTA IMPRESOR LEXMARK NEGRO Nº 17G0050,59.89,264
DD53,TINTA IMPRESORA EPSON STYLUS 820,473.47,11
DD54,TINTA IMPRESORA HP COD. 65780,463.3,175
DD55,TINTA IMPRESOR EPSON COD. S051016,296.06,50
DD56,TINTA IMPRESOR CANON MOD. BJC 210/240 COD. BC-05 COLORES,10.17,247
DD57,TINTA EPSON STYLUS 5020049 COLOR,441.83,290
DD58,TINTA EPSON 400 5020093 COLOR,59.89,274
DD59,TINTA PARA IMPRESOR EPSON STYLUS MOD. S020108,649.75,362
DD60,TINTA EPSON STYLUS S020047,10.17,479
DD61,TINTA EPSON STYLUS S020049,416.97,96
DD62,TINTA PANASONIC KXP-170-ORIGINAL,302.84,318
DD63,TINTA EPSON 3022255,476.86,470
DD64,TINTA PARA IMPRESOR EPSON STYLUS C-II NEGRO,150.29,355
DD65,TINTA IMPRESOR EPSON STYLUS COLOR 440,116.39,267
DD66,TINTA APPLE MOD. M3240 G/A COLOR NEGRO,4.52,58
DD67,CANASTA DE TINTA APPLE  MOD.  M3328 G/A (INCLUYE TINTA NEGRA Y UNA A COLOR),629.41,121
DD68,TINTA A CUATRO COLORES M3228 PARA IMPRESOR STYLE WRITE 2500 MACINTOSH,12.43,312
DD69,TINTA NEGRA M3240 G/A PARA IMPRESOR STYLE WRITE 2500 MACINTOSH,581.95,21
DD70,CANASTA DE TINTA PARA IMPRESOR APPLE 2500,49.72,366
DD71,TINTA IMPRESOR EPSON 400 S020093 NEGRO,414.71,338
DD72,TINTA IMPRESOR EPSON 400 S020089 COLOR,455.39,291
DD73,TINTA IMPRESOR EPSON 50 212308,479.12,389
DD74,TINTA IMPRESOR LEXMARK A COLOR OPTRA COLOR 45,213.57,6
DD75,TINTA IMPRESOR CANON BJ3210 N,44.07,124
DD76,TINTA J2,346.91,325
DD77,TINTA IMPRESOR CANON BC 02 NEGRO ORIGINAL,503.98,255
DD78,TINTA IMPRESOR CANON BC 05 COLOR ORIGINAL,420.36,276
DD79,TINTA IMPRESORA BX-3 PARA FAX CANON B640,642.97,461
DD80,TINTA IMPRESOR HP COLOR NEGRO (51640A),401.15,175
DD81,TINTA IMPRESOR HP COOR MAGENTA  (51644M),65.54,95
DD82,TINTA IMPRESOR HP COLOR CYAN (51644C),560.48,73
DD83,TINTA IMPRESOR HP 51645G,458.78,436
DD84,TINTA IMPRESOR HP COLOR AMARILLO (51644Y),536.75,104
DD85,TINTA COLOR HP - C 6625 A PARA IMPRESORA HEWLETT PACKARD DESKJET,368.38,246
DD86,TINA NEGRA HP - C6615D PARA IMPRESORA HEWLETT PACKARD DESK JET,99.44,7
DD87,TINTA COLOR HP - 51649G PARA IMPRESORA HEWLETT PACKARD,544.66,349
DD88,TINTA NEGRA HP C6641A PARA IMPRESORA HEWLETT PACKARD,155.94,56
DD89,TINTA PARA IMPRESOR LEXMARK  13400HC,158.2,279
DD90,TINTA PARA IMPRESOR LEXMARK 13619HC,539.01,231
DD91,TINTA DESK JET 670-C,163.85,56
DD92,TINTA PARA IMPRESOR HP NEGRO LASER 5SI,572.91,372
DD93,TINTA PARA IMPRESOR HP COLOR DESK JET 610 C,187.58,69
DD94,TINTA PARA IMPRESOR HP DESK JET 840 C,638.45,46
DD95,TINTA DESJET 840C (HP-6625A TRICOLOR),68.93,248
DD96,TINTA PARA IMPRESORA HP 65780,302.84,333
DD97,TINTA PARA IMPRESOR HP COLOR LASER JET 4500 N,640.71,102
DD98,TINTA DESKJET 840C (HP C6615D NEGRO,42.94,366
DD99,TINTA PARA IMPRESOR CANON BCI-3EY,314.14,166
EE01,TINTA PARA IMPRESORA EPSON STYLUS COLOR 660,568.39,120
EE02,TINTAS PARA IMPRESORA EPSON STYLUS NEGRO 660,91.53,253
EE03,TINTA PARA IMPRESOR CANON BJC-3000 MAGENTA 3EM,73.45,24
EE04,TINTA IMPRESOR CANON  BJC-3000 YELLOW 3EY,368.38,408
EE05,TINTA IMPRESOR CANON BJC-3000 CYAN 3EY,568.39,162
EE06,TINTA IMPRESOR CANON BJC -3000 NEGRA,285.89,28
EE07,TINTA NO. C 6578,410.19,53
EE08,IMPRESION ESTANDAR  COLOR  15MO120 LEXMARK Z43,261.03,7
EE09,TINTA  IMPRESORA HP DESKJET 960 (NEGRO),134.47,281
EE10,TINTA IMPRESORA HP DESKJET 960 (COLOR),176.28,326
EE11,TINTA IMPRESOR LEXMARK 12A6860 MODELOS (T620 OT622),248.6,466
EE12,TINTA IMPRESOR HP MODELO LASERJET 1200 CARTUCHO C7115A,533.36,454
EE13,CARTUCHO DE TINTA DE COLOR PARA IMPRESOR EPSON C43 UX,239.56,419
EE14,CARTUCHO DE TINTA DE NEGRO  PARA IMPRESOR EPSON C43 UX,154.81,59
EE15,CARTUCHO PARA IMPRESOR HP LASER JET 1300 NEGRO ,337.87,411
EE16,CARTUCHO PARA FAX PANASONIC KX -RP 151,122.04,43
EE17,CARTUCHO PARA FAX TOSHIBA TF 421,520.93,302
EE18,CARTUCHO PARA IMPRESOR HP LASER JET 8150,436.18,415
EE19,CARTUCHO PARA IMPRESOR LEXMARK PREBATE T620 T622 LASER,12.43,389
EE20,TINTA PARA FOTOCOPIADORA LANIER 5222,22.6,356
EE21,TINTA PARA IMPRESOR CANON BCI-24 COLOR PARA IP-1500,592.12,214
EE22,TINTA PARA IMPRESOR CANON BCI-24 NEGRO PARA IP-1500,550.31,141
EE23,TINTA PARA IMPRESOR HP C6578D COLOR DESK JET 970,184.19,409
EE24,TINTA PARA IMPRESOR HP 51645A 42ML NEGRO DESK JET 970,510.76,107
EE25,TONER PARA IMPRESOR C3105A  C3103A  C3104A  C3102A,83.62,207
EE26,TONER PARA IMPRESOR OPTRA LEXMARTK M-412 CARTRIGE 17G0152,168.37,453
EE27,TONER PARA IMPRESOR LASER JET COLOR HP 4600  C9720A,577.43,352
EE28,TONER PARA IMPRESOR LASER JET COLOR HP 4600  C9723A,384.2,61
EE29,TONER PARA IMPRESOR LASER JET COLOR HP 4600  C9722A,154.81,75
EE30,TONER PARA IMPRESOR LASER JET COLOR HP 4600  C9721A,618.11,239
EE31,CARTUCHO PC 301 BROTHER PARA FAX,42.94,224
EE32,TINTA PARA IMPRESOR HP 3535 COLOR ,67.8,193
EE33,TINTA PARA IMPRESOR HP 3535 NEGRO ,54.24,12
EE34,TINTA  EPSON STYLUS C60 T028201 NEGRO ,115.26,246
EE35,TINTA EPSON STYLUS C60 T029201 COLOR ,435.05,121
EE36,TINTA EPSON STYLUS 880 T19311 NEGRO ,621.5,172
EE37,TINTA EPSON STYLUS 880 T 20311 COLOR ,398.89,271
EE38,TINTA PARA IMPRESOR HP DESKJET 3550 NEG ,190.97,171
EE39,TINTA PARA IMPRESOR HP DESKJET 3550COLOR,228.26,176
EE40,TINTA PARA IMPRESOR HP DESKJET 670C CODIGO HP 51649A COLOR,532.23,73
EE41,TINTA PARA IMPRESOR HP DESKJET 670C CODIGO HP 51629A NEGRO,364.99,18
EE42,TINTA PARA IMPRESOR HP DESKJET 5550 NEGRO ,474.6,162
EE43,TINTA PARA IMPRESOR HP DESKJET 5550 TRICOLOR ,411.32,47
EE44,TINTA NEGRA PARA IMPRESOR LEXMARK Z423,603.42,435
EE45,TINTA DE COLOR PARA IMPRESOR LEXMARK Z423,628.28,219
EE46,TINTA PARA DUPLICADORA RISOGRAPH RN2030,93.79,455
EE47,TINTA NEGRA KILO K+E 195N,70.06,476
EE48,TINTA COLOR CAFE MODELO RNL030 PARA MAQUINA RISOGRAPH,493.81,42
EE49,TINTA PARA FAX BROTHER INTELIGENT FAX 620,527.71,390
EE50,TINTA PARA IMPRESOR CANON S200X COLOR,81.36,386
EE51,TINTA PARA IMPRESOR CANON S200X NEGRO ,514.15,396
EE52,CARTUCHO PARA IMPRESOR CANNON LPB-2000 (EP-65),465.56,125
EE53,TINTA PARA IMPRESOR CANNON BJC 321 BC-05 COLORES,629.41,47
EE54,TINTA PARA IMPRESOR CANNON BJC 3210 BC-02 NEGRO,44.07,325
EE55,TONER,320.92,230
EE56,TONER PARA IMPRESOR  HP-LASSER JET SERIE II,57.63,251
EE57,TONER EN CARTUCHOS PARA IMPRESORA XEROX LASER-4508,211.31,298
EE58,TONER IMPRESOR LASER MOD.  2-92295A,242.95,102
EE59,TONER IMPRESOR LASER MODELO 40,439.57,309
EE60,TONER IMPRESOR LASER  HP 4-92274A,363.86,371
EE61,TONER MARCA CANNON NP 1020 (105GR.),206.79,339
EE62,TONER MARCA CANNON BJC  210/240 CARTUCHO COLORES BC-05,481.38,54
EE63,TONER MARCA EPSON ACTION LASER,430.53,84
EE64,TONER PARA IMPRESOR LASER SERIE 51626-A,259.9,348
EE65,TONER PARA IMPRESOR LASER IBM H 312,594.38,297
EE66,TONER HEWLETT  PACKARD 45HP 51645 AC. NEGRO ,210.18,203
EE67,TONER HP LASER JET  5SI C3909A (HP-8000) ,227.13,40
EE68,TONER LEXMARK OPTRA RT LASER 1382321,339,89
EE69,TONER LEXMARK INJEKT COLOR 1380619,400.02,371
EE70,TONER LEXMARK INJEKT NEGRO 1361400,453.13,214
EE71,TONER HP 92298A SERIE IV,215.83,159
EE72,TONER PARA IMPRESOR XEROX  MOD. 4517,109.61,387
EE73,TONER PARA IMPRESOR XEROX  MOD.4510,273.46,374
EE74,TONER J1,626.02,203
EE75,TONER PARA IMPRESOR M. XEROX DOCUPRINT 4512,58.76,342
EE76,TONER PARA IMPRESOR HEWLETT PACKARD JET 4L,246.34,114
EE77,TONER STAR NX-2415 LASER JET 4L H.P.,64.41,179
EE78,TONER PARA IMPRESOR LASER HP  4-92275A,126.56,338
EE79,TONER PARA IMPRESOR HP 51629-A,85.88,154
EE80,TONER PARA IMPRESOR HP LASER JET  4000 4000N 4000T,590.99,90
EE81,TONER PARA IMPRESOR HP COLOR LASER JET 5 C3105A C3103A C310A,205.66,245
EE82,TONER PARA IMPRESOR HP LASER JET  6MP NEGRO,598.9,70
EE83,TONER PARA IMPRESOR HP LASER JET 6MP COLOR,402.28,212
EE84,TONER PARA IMPRESOR HP LASER JET 4,180.8,289
EE85,TONER PARA IMPRESOR HP LASER JET SERIE III,640.71,393
EE86,TONER PARA IMPRESOR HP DESK LASER JET 340,67.8,440
EE87,TONER PARA IMPRESOR HP DESK JET 520,236.17,60
EE88,TONER PARA IMPRESOR HP DESK JET 670,197.75,212
EE89,TONER PARA IMPRESOR EPSON EPLN 1200 MOD.250A (SO51016),309.62,62
EE90,TONER PARA IMPRESOR XEROX  MOD.4900(TINTA NEGRA),21.47,367
EE91,TONER CARTRIDGE C4092A PARA IMPRESOR M. HP LASER JET 1321,559.35,103
EE92,TONER PARA COPIADORA M.CANNON NP 2120,515.28,399
EE93,TONER LASER JET COLOR CYAN HPC3102A,501.72,419
EE94,TONER LASER JET COLOR MAGENTA HPC3104A,335.61,184
EE95,TONER LASER JET COLOR AMARILLO HPC3103A,119.78,267
EE96,TONER LEXMARK 12A1970 NEGRO,440.7,237
EE97,TONER LEXMARK OPTRA LASER 1382150,544.66,385
EE98,TONER LEXMARK 1382925,344.65,305
EE99,TONER LEXMARK 12A5845,125.43,323
FF01,TONER HP 51633 M BLANCO Y NEGRO,289.28,277
FF02,TONER PARA  FOTOCOPIADORA HARRIS 3M MOD. 6020,143.51,39
FF03,TONER HEWLETT PACKARD DESK JET 670 C,339,3
FF04,TONER  PARA IMPRESOR LASER XEROX DOCUPRIT- P8E-PCL-5E,397.76,184
FF05,TONER HP 51625A COLOR,414.71,411
FF06,TONER PARA FOTOCOPIADORA MINOLTA EP 4000,309.62,204
FF07,TONER PARA IMPRESOR HEWLETT PACKARD LASER JET MOD. C4096A,454.26,47
FF08,TONER EPSON EPL N1200,5.65,45
FF09,TONER PARA IMPRESOR HP LASER JET OMP NEGRO,372.9,380
FF10,TONER HP 4092A PARA IMPRESOR HP 1321/1321A,579.69,383
FF11,TONER LASER HP 4129X (5000),90.4,197
FF12,TONER HP 51649A,309.62,467
FF13,TONER PARA IMPRESOR EPSON SO20187,131.08,148
FF14,TONER HEWLETT PACKARD LASER JET C3906-A,33.9,264
FF15,TONER 501A MINOLTA ,56.5,200
FF16,TONER PARA FOTOCOPIADORA MINOLTA EP 3000,309.62,434
FF17,TONER PARA IMPRESORA LASER HP LASER 4I C-92274-A,20.34,177
FF18,TONER PARA IMPRESOR LASER HP 815ON  (CODIGO -C4182X),123.17,160
FF19,TONER PARA FOTOCOPIADORA MITA  AI3010,544.66,15
FF20,TONER  PARA IMPRESOR LASER JET 4050 HP,215.83,386
FF21,TONER PARA IMPRESORA LEXMARK OPTRA S1255,430.53,220
FF22,TONER PARA IMPRESOR LEXMARK  A COLOR 12A 1980,565,380
FF23,TONER PARA IMPRESOR HP 500N,120.91,10
FF24,TONER C-4195 NEGRO PARA IMPRESOR LASER JET 4500N,290.41,139
FF25,TONER KID PARA IMPRESORA HEWLETT PACKARD LASER JET COLOR 4500N Y TONER NEG.,411.32,320
FF26,TONER C-92298A NEGRO PARA IMPRESORA HEWLETT PACKARD LASER JET 4,454.26,192
FF27,TONER PARA IMPRESOR HP LASER JET 92298,409.06,404
FF28,TONER PARA FOTOCOPIADORA RICOH MODELO 220 OFICIO SERIE H2400702485,196.62,77
FF29,TONER NEGRO C-4195 A PARA IMPRESORA HEWLETT PACKARD COLOR LASER JET,344.65,97
FF30,TONER PARA IMPRESOR HP LASER JET 4321 (C8061 X),99.44,229
FF31,TONER PARA IMPRESOR HP  7115 A,320.92,397
FF32,TONER PARA FOTOCOPIADORA SERIE 7HL070304 MARCA XEROX,632.8,371
FF33,TONER PARA IMPRESOR LASER JET 4321 TN,240.69,266
FF34,TONER LASER LEXMARK OPTRA T -614,5.65,397
FF35,TONER PARA IMPRESOR LEXMARK 1382321 (7000) 1382150 (4000),375.16,75
FF36,TONER PARA FAX PANASONIC KX-FL501,654.27,198
FF37,TONER LEXMARK -OTRA S2455,314.14,121
FF38,TINTA PARA IMPRESOR HP NEGRO LASER JET 4500 N,175.15,120
FF39,TONER EN CARTUCHO PARA IMPRESOR LASER XEROX P8E,4.52,240
FF40,TONER PARA FOTOCOPIADORA EGA XEROX 7335,31.64,22
FF41,TONER PARA IMPRESOR LASER  HP 51626 A,99.44,23
FF42,TONER PARA IMPRESORA HP LASER JET 8150 PCL 6,93.79,434
FF43,TONER PARA IMPRESOR LASER JET 815,340.13,9
FF44,TONER PARA FOTOCOPIADORA GESTETNER 23182,229.39,169
FF45,TONER PARA FOTOCOPIADORA LANIER 5227,125.43,219
FF46,TONER PARA IMPRESORA HP LASER JET 5000 N,394.37,207
FF47,TONER PARA IMPRESORA HP LASER JET 81150 N,537.88,124
FF48,TONER HP LASER JET C 8061A (HP4321TN),143.51,394
FF49,TONER EPSON (CARTRIDGE SO51016),515.28,364
FF50,TONER KX 76SA PARA FAX PANASONIC,427.14,136
FF51,TONER PARA IMPRESOR LASER JET 4L  C-92274 NEGRO,357.08,301
FF52,TONER LEXMARK INJET COLOR  13619HC,291.54,105
FF53,TONER KIT A COLOR PARA IMPRESOR LASER JET C4195A,336.74,37
FF54,TONER PARA FOTOCOPIADORA GESTETNER 2337Z,476.86,308
FF55,TINTA PARA IMPRESOR EPSON STYLUS  MOD. S020108,580.82,242
FF56,TONER C3105A,92.66,354
FF57,TONER PARA IMPRESOR HP LASER JET 8150N MOD. C4266A,275.72,20
FF58,TONER PARA IMPRESORA CANON IMAGE CLASS C2321  RS6-8053,335.61,166
FF59,TONER PARA IMPRESORA CANON IMAGE CLASS 4000,288.15,429
FF60,TONER C8061A PARA IMPRESOR HP 4321,619.24,114
FF61,TONER C7115A PARA IMPRESOR HP 1200,432.79,393
FF62,TONER PARA IMPRESOR HP LASER JET 6M NEGRO,606.81,346
FF63,TONER PARA IMPRESOR HP  LASER JET 4,596.64,6
FF64,TONER PARA IMPRESOR LASER MONOCROMATICO LEXMAR MODELO T622M,18.08,179
FF65,TONER XEROX 5028 J2,611.33,264
FF66,TONER PARA IMPRESOR HP C4127X,316.4,79
FF67,TONER PARA IMPRESOR HP C4191A,16.95,374
FF68,TONER PARA IMPRESOR HP C4192A,270.07,383
FF69,TONER PAR IMPRESOR HP C4194A,490.42,196
FF70,TONER PARA IMPRESOR HP C4194A,20.34,135
FF71,TONER PARA IMPRESOR HP C4195A,300.58,402
FF72,TONER DE FAX PANASONIC KX-FA55,588.73,217
FF73,TONER PARA IMPRESORA LEXMARK T622,111.87,90
FF74,TONER PARA IMPRESORA MINOLTA QMS MODELO MC6321GDI-1,638.45,409
FF75,TONER PARA FOTOCOPIADORA XEROX MODELO 5343,162.72,383
FF76,TONER PARA FOTOCOPIADORA MITA AI 3010,236.17,307
FF77,TONER PAR IMPRESOR LASR SERIE 51626-A,377.42,136
FF78,TONER PARA HP LASER JET 5SI C3909A (HP8000),45.2,27
FF79,TONER PARA IMPRESOR HP 51629-A,377.42,221
FF80,TONER PARA HP 51649A,238.43,21
FF81,TONER PARA IMPRESOR LEXMARK  MODELO OPTRA+ IMPRESOR HP MOD. 3820,471.21,161
FF82,TONER PARA FOTOCOPIADORA XEROX MODELO 5034,80.23,42
FF83,TONER PARA EQUIPO XEROX MODELO 5328,528.84,124
FF84,TONER PARA IMPRESORA MINOLTA QMS MODELO MC6321GDI-1,152.55,196
FF85,TONER PARA FOTOCOPIADORA,554.83,348
FF86,TONER PARA IMPRESORA,455.39,363
FF87,BASE PARA UNIDAD DE TONER PARA FOTOCOPIADORA LANIER 5222,244.08,71
FF88,TONER PARA FOTOCOPIADORA TOSHIBA T1350,176.28,365
FF89,TONER PARA IMPRESOR SANSUMG ML - 1710 D3,135.6,50
FF90,TONER PARA IMPRESOR EPSON EPL N 1200 C3909A,531.1,20
FF91,TONER HP ,140.12,477
FF92,TONER LEXMARK ,566.13,440
FF93,TONER PARA IMPRESOR CANON,483.64,364
FF94,TONER PARA IMPRESOR HP LASER JET 1300,81.36,3
FF95,TONER PARA IMPRESOR CANON BCI-3E COLOR NEGRO,583.08,140
FF96,TONER PARA IMPRESOR LEXMARK OPTRA M412 CODIGO LEMARK OPTRA L760152,439.57,148
FF97,TONER PARA IMPRESOR LEXMARK E-320,396.63,79
FF98,TONER PARA IMPRESOR HP DESK JET 3820,598.9,35
FF99,TONER FOTOCOPIADORA MITA KYOCERA KM22,54.24,52
GG01,TONER PARA FOTOCOPIADORA COPY CENTRE C165,231.65,273
GG02,TONER PARA IMPRESOR LASERJET 4200N CODIGO HP LASER JET Q1338A,616.98,168
GG03,TONER PARA FOTOCOPIADORA XEROX 1025/1038,352.56,452
GG04,TONER PARA IMPRESOR C39094 HP 5 SIMX/NX5SI MOPIER,164.98,10
GG05,TONER PARA FOTOCOPIADORA INAGE RUNER 2000,74.58,256
GG06,TONER PARA IMPRESOR HP COLOR LASERJET 4650 CODIGO HP C9720A,336.74,381
GG07,TONER PARA IMPRESOR HP COLOR LASERJET 4650 CODIGO HP C9721A,325.44,390
GG08,TONER PARA IMPRESOR HP COLOR LASERJET 4650 CODIGO HP C9722A,308.49,83
GG09,TONER PARA IMPRESOR HP COLOR LASERJET 4650 CODIGO HP C9723A,58.76,38
GG10,TONER PARA IMPRESOR MINOLTA MAGICOLOR 6321 DESKLASER  CODIGO 1710362-123,369.51,415
GG11,TONER PARA IMPRESOR MINOLTA MAGICOLOR 6321 DESKLASER CODIGO 1710362-225,31.64,302
GG12,TONER PARA IMPRESOR MINOLTA MAGICOLOR 6321 DESKLASER CODIGO 1710362-003,296.06,57
GG13,TONER PARA IMPRESOR MINOLTA MAGICOLOR 6321 DESKLASER CODIGO 1710362-004,185.32,96
GG14,TONER PARA IMPRESOR HP LASERJET 6P CODIGO HP LASERJET C3903A,109.61,341
GG15,TONER PARA IMPRESOR LEXMARK C750 CODIGO LEXMARK 10B041C,170.63,178
GG16,TONER PARA IMPRESOR LEXMARK C750 CODIGO LEXMARK 10B041K,336.74,289
GG17,TONER PARA IMPRESOR LEXMARK C750 CODIGO LEXMARK 10B041M,9.04,209
GG18,TONER PARA IMPRESOR LEXMARK C750 CODIGO LEXMARK 10B041Y,623.76,62
GG19,TONER PARA IMPRESOR LEXMARK Z53 CODIGO LEXMARK COLOR 20 ,578.56,357
GG20,TONER PARA IMPRESOR LEXMARK Z53 CODIGO LEXMARK BLACK 70,183.06,95
GG21,TONER PARA IMPRESOR SAMSUNG CODIGO SAMSUNG ML - 6060D6/XAA,103.96,109
GG22,TONER PARA IMPRESOR LASER JET 5SI COLOR NEGRO ,454.26,375
GG23,TONER PARA IMPRESOR LEXMARK Z43 COLOR ,322.05,93
GG24,TONER PARA IMPRESOR HP COLOR INJET 1700,14.69,69
GG25,TONER PARA IMPRESOR SAMSUNG ML-1450,282.5,259
GG26,TONER PARA IMPRESOR HP LASERJET CARTRIDGE C3906A,401.15,93
GG27,TONER PARA FOTOCOPIADORA LANIER 5222,596.64,206
GG28,TONER PARA IMPRESOR CANON BJC-3000,67.8,405
GG29,TONER PARA IMPRESOR CANON BJC-3000 CODIGO CANON BCI-3EC,142.38,170
GG30,TONER PARA IMPRESOR CANON BJC-3000 CODIGO CANON BCI-3EM,540.14,239
GG31,TONER PARA IMPRESOR CANON BJC-3000 CODIGO CANON BCI-3EY,119.78,454
GG32,TONER PARA FOTOCOPIADORA MARCA XEROX COPY CENTRE C165 No. DE SERIE KPR-000861,372.9,440
GG33,TONER PARA IMPRESOR HP LASERJET 8150N,502.85,404
GG34,TONER PARA FOTOCOPIADORA CANON RUNNER 2000,471.21,427
GG35,TONER PARA FOTOCOPIADORA LANIER ,535.62,448
GG36,TONER PARA FOTOCOPIADORA XEROX 106R00584,576.3,180
GG37,TONER HP PARA IMPRESOR LASERJET 2321,152.55,329
GG38,TONER PARA IMPRESOR HP LASER JET 4 PLUS CODIGO HP 92298A,206.79,359
GG39,TONER PARA IMPRESOR HP LASER JET 8000,229.39,260
GG40,TONER PARA IMPRESOR LEXMARK OPTRA T614 CODIGO LEXMARK 12A5845,210.18,365
GG41,TONER PARA IMPRESOR HP LASER JET 8150 DN No. C4267,575.17,294
GG42,TONER PARA IMPRESOR EPSON IMAGING CARTRIDGE S051016,259.9,82
GG43,TONER PARA FOTOCOPIADORA MINOLTA 4000 No. 501AI,503.98,419
GG44,TONER PARA IMPRESOR EPSON EPL N1200 MOD 936,105.09,388
GG45,TONER PARA IMPRESOR PHASER 500 XEROX,367.25,421
GG46,TONER PARA FOTOCOPIADORA LANIER LD 035,19.21,118
GG47,TONER PARA IMPRESOR 4550 HP COLOR NEGRO ,440.7,197
GG48,TONER PARA IMPRESOR CANON EP-72,375.16,151
GG49,TONER PARA IMPRESOR EPSON STYLUS C84,641.84,177
GG50,TONER PARA FOTOCOPIADORA LANIER 7335,363.86,75
GG51,TONER PARA IMPRESOR HP DESKJET 6122,557.09,244
GG52,TONER PARA FOTOCOPIADORA LANIER 5622/5627,90.4,283
GG53,TONER PARA FOTOCOPIADORA TOSHIBA 6560,163.85,448
GG54,TONER PARA FAX TOSHIBA TF421,223.74,334
GG55,TONER PARA IMPRESOR LASER JET 4250,103.96,350
GG56,TONER PARA FOTOCOPIADORA MINOLTA 4000 No. 501A,445.22,227
GG57,TONER PARA FOTOCOPIADORA MITA 4056,623.76,425
GG58,TONER PARA IMPRESOR PHASER 4500 XEROX,45.2,77
GG59,TONER PARA IMPRESOR 8550 HP COLOR NEGRO ,510.76,152
GG60,TONER PARA IMPRESOR OKI-B6300,111.87,115
GG61,TONER PARA IMPRESOR CANON S200X  NEGRO ,583.08,313
GG62,TONER PARA IMPRESOR XEROX DOCUPRINT PBE C/N B7KTS187,629.41,127
GG63,TONER PARA IMPRESOR CANON S200X A COLOR ,482.51,76
GG64,TONER PARA FOTOCOPIADORA LANIER 7320,431.66,238
GG65,TONER PARA IMPRESOR HP APOLLO P-2200 NEGRO ,445.22,75
GG66,TONER PARA IMPRESOR HP APOLLO P-2200 COLOR ,363.86,45
GG67,TONER PARA IMPRESOR LEXMARK C752 CODIGO LEXMARK 15G041C,352.56,415
GG68,TONER PARA IMPRESOR LEXMARK C752 CODIGO LEXMARK 15G041M,595.51,401
GG69,TONER PARA IMPRESOR LEXMARK C752 CODIGO LEXMARK 15G041K,569.52,401
GG70,TONER PARA IMPRESOR LEXMARK C752 CODIGO LEXMARK 15G041Y,580.82,196
GG71,TONER PARA IMPRESOR LEXMARK Z43,150.29,286
GG72,TONER PARA FOTOCOPIADORA LANIER 2027,489.29,215
GG73,TONER PARA IMPRESOR CANON IMAGE CLASS 4000 CODIGO CANON EP-72,185.32,276
GG74,TONER PARA IMPRESOR CANON LBP 2460,653.14,226
GG75,TONER PARA IMPRESOR HP COLOR INJET CP 1700 CODIGO C4844A,593.25,123
GG76,TONER PARA IMPRESOR HP COLOR INJET CP 1700 CODIGO C4836A,551.44,218
GG77,TONER PARA IMPRESOR HP COLOR INJET CP 1700 CODIGO C4837A,18.08,341
GG78,TONER PARA IMPRESOR HP COLOR INJET CP 1700 CODIGO C4838A,378.55,318
GG79,TONER PARA IMPRESOR HP LASER JET 2550 L (Q3960A NEGRO),271.2,367
GG80,TONER PARA IMPRESOR HP LASER JET 2550 L (Q3971A CYAN),4.52,39
GG81,TONER PARA IMPRESOR HP LASER JET 2550 L (Q3972A AMARILLO),88.14,391
GG82,TONER PARA IMPRESOR HP LASER JET 2550 L (Q3973A MAGENTA),174.02,131
GG83,TONER COLOR NEGRO PARA IMPRESOR LANIER LP122C,93.79,320
GG84,TONER COLOR MAGENTA PARA IMPRESOR LANIER LP122C,250.86,359
GG85,TONER COLOR AMARILLO PARA IMPRESOR LANIER LP122C,396.63,462
GG86,TONER COLOR CELESTE PARA IMPRESOR LANIER LP122C,195.49,190
GG87,TONER PARA FOTOCOPIADORA TOSHIBA ESTUDIO 600,40.68,107
GG88,TONER PARA IMPRESOR LASER SAMSUNG ML-1430,364.99,408
GG89,DEUDA DEL EJERCICIO ANTERIOR OEG (54115) - CADA UNO,239.56,265
GG90,LAMPARA INCANDESCENTE DE 40-4 DE EMPOTRAR,550.31,257
GG91,TONER PARA FOTOCOPIADORA CANNON M-2200 - CADA UNO,474.6,43
GG92,MOTHER BOARDS,168.37,99
